post_id,text,llm_aspects,llm_confidence,llm_reasoning,human_aspects,human_notes,verified
1100038,"Chào các bác, em đang là sv năm cuối sắp hoàn thành 3 tháng thực tập tại LG Innotek, khả năng cao em sẽ được chuyển lên chính thức ạ. Sắp tới thì em sẽ deal lương với HR, tuy nhiên HR cũng bảo là chỉ có số ít mới deal thành công vì công ty có sẵn mức lương cho fresher rồi. Nay em lên đây mong các bác cho em lời khuyên xem em có nên yêu cầu deal lương với profile này của em không ạ: +, dự kiến tốt nghiệp xuất sắc tại Hust vào tháng 7 tới +, tiếng Anh khá ổn, được team leader khen báo cáo tốt tại buổi báo cáo thực tập +, Team leader có vẻ mong muốn em ở lại làm việc tiếp +, được nhiều học bổng của Hust và 1 học bổng doanh nghiệp Hiện tại em đang phân vân không biết profile của mình đã đủ tốt hay chưa và sợ deal không thành công thì mất cả chì lẫn chài. Mong các bác có kinh nghiệm tại LG Innotek cho em xin lời khuyên với ạ, em xin chân thành cảm ơn các bác","[0, 1, 2, 3, 4, 5, 6, 7, 8]",1.0,"Chào các bác, em đang là sv năm cuối sắp hoàn thành 3 tháng thực tập tại LG Innotek và muốn biết liệu profile của mình đã đủ tốt để được chuyển lên chính thức hay không.",,,False
1054161,"Nhân dịp mức phạt giao thông x10 với người lái xe máy, em lên đây hỏi ngu các vozer, đồng thời lập thread cho các vozer hỏi ngu cùng: Theo luật, vượt đèn giao thông bị lỗi thì không vấn đề. Nhưng giả sử người phạt canh lúc đèn giao thông màu đỏ rồi chụp mình vượt thì làm sao để cãi? trên đường có 2 làn đi thẳng và làn đi thẳng + rẽ phải. nếu em dừng đèn đỏ đi thẳng ở làn đi thẳng + rẽ phải nhưng vẫn có đèn rẽ phải thì có phải nhường cho xe sau rẽ phải không? nhường xong mà lấn qua vạch có bị vi phạm đèn đỏ không. Cảm ơn ae đã đọc bài. chúc ae vozer đừng bị phạt nguội","[0, 1, 2, 3, 4, 5, 6, 7, 8, 9]",1.0,Lập thread để hỏi ngu về vấn đề giao thông,,,False
1134023,"Tôi năm nay 32 tuổi. Đã tham gia Voz từ 2011. Hiện đang làm trong lĩnh vực quản lý sản xuất cho 1 công ty FDI của Nhật. Mực thu nhập đâu đó vào khoảng 300tr/năm. Hằng năm tăng 5-6% thu nhập. Tôi có cảm giác mình không thể bứt được qua mức thu nhập này. Tôi cũng thử tìm hiểu nhảy việc nhưng năng lực hiện tại lại không đáp ứng được vị trí cao hơn, mà vị trí hiện tại có lẻ là gần đến mức max rồi. Tôi cũng thử đọc sách, học ngoại ngữ, học vài phần mềm nhưng lại chẳng đi đến đâu, một phần không cần thiết ở công việc hiện tại. tôi cảm giác cách tăng thu nhập duy nhất hiện tại là làm thêm giờ. Những anh em ở những lĩnh vực khác ai đã từng bứt phá có thể chia sẻ một chút được không, biết đâu đọc cmt của mọi người lại giúp ích cho một ai đó cũng ở tình trạng tương tự. Tương tác người thật việc thật nhiều khi tốt hơn hỏi mấy con AI trả lời một cách máy móc.","[0, 1, 2, 3, 4, 5, 6, 7, 8, 9]",1.0,"Thị trường lao động đang rất cạnh tranh và không có nhiều cơ hội tăng thu nhập. Ngoài ra, mức lương hiện tại cũng không cao bằng với các ngành nghề khác trong nước.",,,False
1081343,"Chào các bác, hiện tại em đang 25 tuổi, tức là đã ra trường và đi làm được hơn 2 năm. Trong thời gian đó em cũng đã tích lũy được chút tiền tiết kiệm, đồng thời em cũng vừa lấy được chứng chỉ HSK5, và bây giờ em đang đứng trước 2 lựa chọn: 1. Em sẽ nghỉ việc hiện tại để xin vào làm trong phòng xnk của 1 công ty ở Hải Phòng (Công việc này em khá thích và đã nhắm tới từ khi học ĐH) 2. Em định sẽ nghỉ việc để apply học bổng học lên thạc sỹ bên Trung Quốc. Dự kiến nếu học thạc sỹ sẽ mất tầm 2-3 năm, liệu có đáng để đánh đổi 2-3 năm cho tấm bằng thạc sỹ không các bác? (em dự tính có thể sẽ lên tới 4 năm tính cả thời gian em ôn thi để chuẩn bị cho apply học bổng), hay em nên tiếp tục theo đuổi công việc liên quan đến tiếng Trung và bỏ qua việc học lên cao hơn. Mong các bác đã trải qua giai đoạn này có thể đưa ra lời khuyên cho em.","[5, 8]",1.0,"The post describes a personal dilemma and uncertainty about the future, indicating stress related to romance (5) and life events (8). The author is weighing two options for their career and education, showing anxiety and indecision.",,,False
247869,"Em nam giới, chưa đến 30 tuổi, vừa thi đỗ một tập đoàn có chi nhánh ở Malay, cụ thể là đảo Penang, em khá muốn đi vì em nghĩ nếu không có kết quả thì coi như đi 6 tháng đến 1 năm trải nghiệm làm việc ở công ty công nghệ nước ngoài, công việc văn phòng nhẹ nhàng, lương không cao nhưng ổn đủ sinh hoạt. Em lại từng du lịch bụi đến đảo Penang rồi nên nếu giờ quay lại em thấy cũng hay, đảo này trong lành và thanh bình, mọi thứ rất nhẹ nhàng. TUY NHIÊN trưa nay em vừa bị sạc một trận khá găng từ bố mẹ em, các cụ không muốn em đi làm xa mà muốn em làm công việc quanh quanh, muốn em ƯU TIÊN lấy vợ. Nếu đi em sẽ cố học thêm tiếng mandarin vào lúc tối do công ty đấy có không nhỏ người nói tiếng mandarin, và rảnh hơn em lại học thêm về mặt ngôn ngữ lập trình gì đó. Biết là khó và đầy rẫy trông gai nhưng em đang tính vậy. Em không lên xin ý kiến hay hỏi đáp, em chỉ muốn chia sẻ tý thôi vì thường thường bố mẹ nói gì em hay im và không nói lại. It's not a sad story, it's just been a lot and it's been a while @@","[0, 1, 2, 3, 4, 5, 6, 7, 8, 9]",1.0,genuine stress,,,False
1170483,"Chào các bác! Em ko có rành lắm về kinh tế nên có thể sai sót 1 tý nhưng liệu có phải giá rau củ quả (ở sg) đag tăng một cách vô cmn lý ko ạ? E ko nói ko nên đắt, vật giá lên cao, rau lên thì cũng là bth cơ mà vấn đề là nó tăng vô lí quá. Tầm 1 2 tháng trc hành lá các kiểu rẻ bèo chắc chưa đến 10-20k/cân mà bữa nọ mẹ e mua cân hành tận 60k (hôm đấy e kiểu sốc luôn), đấy là còn mua chỗ chợ đầu mối bán rẻ r đấy. Chả thể tưởng tượng nổi mua lẻ ở trong chợ nó còn ntn nữa. Rồi rau muống rau cải hình như cũng tăng mạnh 1 cách chóng mặt Bộ cái vụ này cả nc mình bị hay chỉ mình sg bị v các bác? Chứ em thấy giá nó tăng kiểu này cứ sai sai thế nào ấy. Thịt lợn vs thịt bò cũng chả tăng ntn.","[0, 1, 2, 3, 4, 5, 6, 7, 8, 9]",1.0,"Giá rau củ quả ở Singapore có thể tăng do nhiều yếu tố như nguồn cung, nhu cầu, giá cả thị trường và các yếu tố kinh tế khác.",,,False
1027181,"Em bị khoảng từ 5 năm nay rồi nhưng 2 năm trở lại đây thì nó quá nặng ảnh hướng đến công việc.Em có đọc qua các bài về ngưng thử khi ngủ(sleep apnea) của nc ngoài cũng như Việt Nam và tự nhận thấy mình đầy đủ các dấu hiệu luôn,cộng với việc em bị lệch vách ngăn mũi nữa,luac nào cũng chỉ thờ được 1 bên nên càng thiếu oxy trầm trọng.Người ngủ cùng nói em chỉ cần mất ya thức cái là ngáy to khủng khiếp,xong giữa đêm tỉnh giấc dậy kèm với giật mình tim đập nhanh,cảm giác là thiếu oxy cơ thể tự dậy.Dạo này nó tiền triển tới nỗi em nhắm mắt vào giấc đc 10 phút là bật dậy thở,cả đêm cứ liên tục như vậy 3 4 tiếng cho đến khi mệt ko dậy nổi nữa thì ngủ đc 2 tiếng cho đến khi đi làm.Lần này em quyết tâm lên Hà Nội để chữa dù có phải phẫu thuật hay là dùng máy thông khí cho vòm họng(cpap)lúc ngủ theo như em tìm hiểu.Ai đã từng trải bệnh rồi em xin tha thiết cho em kinh nghiệm và chỗ khám với ạ Update: Em từng bị covid 2 lần nữa ạ nhưng thể trạng khoẻ nên ko cảm thấy suy giảm chức năng gì","[0, 1, 3, 4, 5, 6, 7, 8, 9]",1.0,"ngưng thử khi ngủ (sleep apnea), luân phiên chỉ được một bên, thiếu oxy trầm trọng",,,False
1076770,"chạy quảng cáo nát quá, nhìn mấy thằng đồng nghề toàn đại gia hết rồi, mình vẫn lông bông, năm ngoái bay mẹ 500tr càng bán càng lỗ, may có con dợ làm được chứ không ra gầm cầu, tầm tuổi này mà đi xin việc không có kinh nghiệm chắc chỉ làm được bảo vệ",[4],1.0,"Author is experiencing ongoing mental burden due to health issues, specifically financial struggles and lack of job security.",,,False
1037697,"Vừa có thằng cu làm cùng gọi điện hỏi thăm, bảo đang đi NVQS, mới nhớ chuyện kể cho mấy thím cho vui. Cuối năm ngoái có đợt khám NVQS, có 2 thằng cu làm cùng mình bảo không muốn đi, mình nói luôn là công việc IT đang ổn định, cố gắng xin đi dân quân cơ động, cũng đều là cống hiến cho tổ quốc. Chứ giờ đi NVQS đúng thật là tự hào đấy, nhưng sau 2 năm quay lại rất khó. Thằng cu 2k nổ bảo nhà nó quen biết bla bla, không phải flo . Mình kệ mịa nó, thế là đến đợt khám huyện về tận công ty áp giải đi khám. Cháu nó khám về vẫn bảo không sao, nhà em quen biết rộng, không đi đâu Mình thừa biết quen biết rộng đéo bao giờ để bị như thế, mình bảo luôn là em đi chắc rồi. Và đúng thật ăn rằm xong cháu nó lên đường, giờ gần được 1 năm rồi. Trước chưa đi thì lấc cấc, giờ nói chuyện có vẻ êm tai hơn rồi. Mình đã từng đi NVQS nên đừng thím nào bảo 2 năm nhanh, hay về học lại hoặc tiếp thu nhanh nhé","[0, 1, 3, 4, 5, 6, 7, 8, 9]",1.0,"Vừa có thằng cu làm cùng gọi điện hỏi thăm, bảo đang đi NVQS, mới nhớ chuyện kể cho mấy thím cho vui.",,,False
1123488,"Dạ chào mọi người, em là nam hiện là sinh viên năm 3 ngành kế toán. Hai năm đầu do mải chơi (GPA vẫn trên 3.2 nhma vẫn hơi thấp so với mặt bằng chung) , em vẫn chưa vạch rõ ra được con đường học tập cho mình.  Trước cứ nghĩ là hai năm đầu học tiếng anh các thứ, tới năm 3 thì học chứng chỉ với thực tập này nọ rồi nạp thêm cho mình MOS, hay là học Excel hay Power BI, nhưng sau 2 năm chưa một mục tiêu nào ra hồn cả, tìm hiểu sâu vào mới thấy chi tiền ra học cũng chẳng ít ỏi gì, nhà thì cũng chỉ đủ tiền đóng học phí nuôi ăn. Giờ em cũng quyết tâm học cái tiếng anh với tập trung học hành cẩn thận hơn, nhma học chứng chỉ các thứ thì xót quá, CV thì cũng trống trơn chẳng có gì nên nộp xin thực tập cũng không có được nhận. Em thấy mình vô trách nhiệm với tương lai bản thân quá quá nên lên đây xin các bác, các tiền bối, cao nhân có thể đưa ra cho em lời khuyên nên thực sự làm gì, học gì trong hay xu hướng sau này thế nào với ạ. Em xin cảm ơn mọi người ạ.","[0, 1, 2, 3, 4, 5, 6, 7, 8]",1.0,"Vì hai năm đầu sinh viên, em mải chơi và chưa vạch rõ con đường học tập, dẫn đến không có mục tiêu cụ thể để hướng tới.",,,False
1171955,"Người mà là lí do họ muốn sống trong cuộc đời thì không thích họ ? Họ vô cảm với các mảnh đời thiệt thòi nên những lời khuyên nhìn những người mồ côi, bệnh tật chả khiến họ có cảm giác Vầy giờ họ muốn sống thì phải làm gì đây, vì giờ họ hông muốn có mặt trên đời nữa","[0, 1, 2, 3, 4, 5]",1.0,Bởi vì họ không thích cuộc đời của mình,,,False
1055495,"Đau đầu bọn nó thật sự, suốt ngày khoe thành công tỷ này tỷ kia, kinh doanh này kinh doanh kia, bảo sao giới trẻ giờ nó ko áp lực mới là lạ, ngày xưa nhớ mới ra trường cách đây chục năm có mỗi cái FB tình trạng khoe khoang ít ra trường cứ thế đi làm chả nghĩ ngợi gì chả bù cho giới trẻ bây giờ, chắc stress chết mẹ luôn.","[0, 1, 2, 3, 4, 5, 6, 7, 8]",1.0,genuine stress,,,False
586802,"Cùng đóng góp ý kiến, kinh nghiệm cá nhân nhé các fen. Mục đích là tìm được loại hoa quả tốt cho cơ thể + sạch ko hoá chất --> để ăn hàng ngày. Dừa: Có thể yên tâm dừa 100% là sạch (ko thuốc sâu, ko chất bảo quản, ngâm tẩm, kích chín) Lý do: quả dừa kín bưng, nó có muốn ngâm tẩm tiêm gì cũng khó. Em thường mua 1 lượt 14 quả về cho cả nhà 4 người dùng trong tuần. Hết lại mua tiếp 14 quả 2. Ổi Quả ổi thì an toàn 90% (lá đắng, nên sâu bọ cũng ít nên đỡ sợ thuốc phun) Còn (10% ko an toàn) lo sợ là họ ngâm tẩm để bảo quản ổi khỏi hỏng, khỏi ố vàng. Cần các fen buôn bán, thương lái ổi cho ý kiến.","[0, 1, 2, 3, 4, 5, 6, 7, 8, 9]",1.0,Mục đích là tìm được loại hoa quả tốt cho cơ thể + sạch ko hoá chất --> để ăn hàng ngày.,,,False
1052423,"Em, 28 tuổi. Đầu năm quyết định off công việc agency về mở cái xưởng nho nhỏ làm sản xuất (chủ yếu làm activation event, bảng hiệu, decor này kia). Tổng kết doanh thu cả năm thì được hơn 1 tỉ (chính em cũng thấy bất ngờ vì mới năm đầu tiên mà đạt được doanh thu lớn vậy). Nhưng lãi ròng thì rất thấp, may mà không lỗ. Tựu chung lại, thì em đang bị vướng mắc ở rất nhiều khâu. Từ việc quản lý dòng tiền, tìm kiếm thị trường, công thợ, vật tư, .... Và cũng chỉ có một mình gông gánh, oải quá. Cuối năm sau khi trừ đầu trừ đuôi, chắc còn dư được mấy chục. Thôi thì cũng tặc lưỡi tự động viên ""Không lỗ là may, năm sau cố gắng"". Còn năm sau thế nào, thú thực thì cũng như người mù vậy, cứ đi thôi. Áp lực quá các thím ạ.","[0, 1, 2, 3, 4, 5, 6, 7, 8]",1.0,Stress: Em đang bị vướng mắc ở rất nhiều khâu trong việc kinh doanh xưởng nho nhỏ.,,,False
1078524,"Tôi đầu 3 rồi, tầm 6h30 là phải dậy đi làm, mấy tuần gần đây thì toàn 1h-2h sáng mới ngủ nên thành ra ngày ngủ được khoảng 4-5 tiếng, thỉnh thoảng thấy đầu cũng kiểu nặng nặng (chứ không hẳn là đau), sáng dậy thì bụng cứ réo theo kiểu nếu không cho gì vào bụng thì có thể nằm ra luôn. Đỉnh điểm hôm nay tôi nghỉ làm nên thức xuyên đêm, 8h sáng mới bắt đầu ngủ nhưng đến 12h là dậy rồi, từ lúc dậy tới giờ vùng sau đầu cứ thấy khó chịu, nhất là lúc tắm xong ra sấy tóc nguyên cả vùng đầu tê dại đi một lúc - dạo gần đây hay đọc mấy tin đột quỵ vì thức khuya rồi dậy sớm nên cũng rén. Chắc từ hôm nay phải tập ngủ sớm chứ cứ như này về sau không ổn. À mà còn vấn đề giảm mỡ nữa, tôi tập thể dục thường xuyên, có đợt ngày ngủ từ 22h-5, 6 giờ sáng dậy thì thấy hiệu quả giảm mỡ rõ rệt, dạo gần đây thì thấy càng tập bụng càng to ra, mặc dù ăn uống rất điều độ - hình như ngủ ít cũng khiến việc tích mỡ trở nên dễ dàng hơn hay sao ấy","[0, 1, 2, 3, 4, 5, 6, 7, 8, 9]",1.0,Vấn đề giảm mỡ và khó ngủ liên quan đến việc thiếu giấc ngủ và tập thể dục thường xuyên,,,False
1128561,"Tôi có đăng ký 1 thẻ tín dụng tp bank qua momo,nhưng sau không xài ( quên cmnl ) thì 1 năm sau bank thông báo đóng tiền phí thẻ 8 trăm mấy,ok tôi đóng nhưng sau 1 tháng tôi quyết hủy thẻ thì nó cứ nhập nhằng không cho tôi hủy : Lần 1 gọi hotline tp bank hủy thì nó dài dòng hỏi lý do hủy... chốt hủy thì nói hệ thống đang bị lỗi không ktra đc tí có nv gọi lại ( cũng k có ai gọi lại luôn ) Lần 2 gọi hủy thì báo tk mình bị thiếu 60k tiền phí gì ấy phải đóng mới hủy được xong mình nạp từ tk vcb qua rồi bắt nó hủy cũng trả lời tí có nhân viên gọi xác nhận lại Lần 3 lại chủ động gọi hỏi hủy thẻ cho anh chưa ? thì được câu trả lời là phải 2 kỳ sao kê sau mới hủy thẻ được còn thẻ a hiện tại đang vào danh sách kiểm tra kì sau với kì tới a đóng tiền phí gì nữa là hủy xong Lúc trước tôi cũng xài thẻ tín dụng VCB nhưng gọi hotline hủy cái 1,mà sao tụi ngân hàng tp nó mất dạy thế nhỉ dắt khách hàng vòng vòng lằng nhằng đến giờ thẻ tôi cũng chưa hủy được","[0, 2, 3, 4, 5, 6, 7, 8, 9]",1.0,"Genuine stress: Work, Money, Family, Health, Romance, Existential, Social, LifeEvents, SelfImage",,,False
1186993,"Đại lý nhắn tin hỏi đặt hàng: chị tính ra tốt tính thật ngặt cái nói năng cộc lốc, bù lại con gái xinh vãi, đang du học Nhật, mà vẫn chả hiểu sao chị nhắn tin cộc lốc, cái Tôi phụ nữ thì phải? Dù sao lúc chị chào hàng nhỡ to lời với chị vì méo biết tuổi, cha nội sales cũ đem con bỏ chợ nên… Khách hàng mình nhiều ông có cái Tôi to vãi, ụ ợ, làm việc nhau lâu rồi chẳng bỏ được thói hoạch hoẹ, có cha ban đầu nhiệt tình chỉ bảo này nọ, sau thấy mình hiểu nhanh lại trở chứng ăn nói bố đời, thể hiện ta đây Năm nay dân chỗ mình dính 2 đợt xả lũ, có người trôi cmn thuyền ra biển chả biết có kéo về được không? Dân làm nông chắc Ối Giời Ơi, nghe đâu lúa thất thu, rơm cho thanh long chả có mà mua","[0, 1, 2, 3, 4, 5, 6, 7, 8, 9]",1.0,Stress: 0-5; Not Stress: 0,,,False
1174720,"Công an xác minh vụ người đàn ông bị đánh dã man trên đường ở Hà Nội Một clip ghi cảnh người đàn ông bị hai thanh niên hành hung dã man trên đường Hoàng Tùng (Hà Nội), khiến dư luận phẫn nộ. Công an đã vào cuộc điều tra. tienphong.vn","[0, 1, 2, 3, 4, 5]",1.0,STRESS,,,False
1055615,"mình có con em họ, bố làm chính ủy tỉnh, nên bố nó có nhiều mqh bày cách mở nhà hàng, siêu thị bán đồ nhập khẩu. hiện tại có khoảng 5 cái nhà hàng, nhưng lúc nào nó cũng bảo tự lực làm ra, ko vay bố mẹ 1 đồng nào lâu lâu lại đăng lên FB cho người ta biết như kiểu sợ người ta quên ông già mình thì cứ tưởng thật lúc nào về cũng bảo mình ko chịu cố gắng, đứa khác mua nhà mua cửa được còn mình chả làm được gì nên hồn về cứ đem con em họ mình ra trách móc trước họ hàng, mình lúc đó đi chỗ khác ko thèm nghe. rồi mình về nói thế tụi nó dc hỗ trợ mới đc như vậy, thì ông già mình phản bác bảo đừng nên trông chờ người khác đem đến cho mình mình cũng chả hiểu nổi, ông già ko cho mình cái gì nhưng lại bắt mình phải giàu như con em họ. trong khi nó học xong chả đi làm đúng nghề ngày nào ở nhà 2 năm ko đi làm, bố cho tiền ra tự kinh doanh, còn mình chỉ là nhân viên đi làm văn phòng mới ra trường  đã phải tự đi mò việc ko ai giới thiệu.","[0, 1, 3, 4, 5, 6, 7, 8, 9]",1.0,genuine stress,,,False
1150377,"Chào các bác. Em đang rối nên xin phép vào đề luôn. Khoảng 4 tháng trước mẹ em có tham gia 1 hội nhóm cho ngồi thử ghế hồng ngoại. Sau đó thì mỗi tháng đều mang về 1 cái gì đó. Lần đầu là 2 hủ muối - 3tr. Lần 2 là cái gối nằm hồng ngoại - 5tr. Lần 3 là máy massage cầm tay - 15tr. Giờ thì đòi ghế nằm thế hệ mới - 110tr. Bọn này nó lợi dụng sự thiếu hiểu biết, thiếu tình cảm của người lớn để lợi dụng bán hàng. Vài lần em về nhà thấy con sale gọi điện cho mẹ em xưng hô ""mẹ-con"" ngọt sớt. Mẹ em dân buôn bán lâu năm, lừa lọc trực tiếp thì bà cảnh giác, còn nó cứ ""mẹ-con"" thủ thỉ suốt ngày thì bà dính bẫy. Bác nào gặp ca này rồi cho em lời khuyên với, giờ em nên cứng quậy luôn 1 trận hay nhẹ nhàng phân tích. Vì các lần trước chỉ vài triệu nên em nói cũng nhẹ nhàng, giờ nó thành ra như vậy. Em xin cảm ơn.","[0, 2, 3, 4, 5, 6, 7, 8, 9]",1.0,genuine stress,,,False
1044871,"Mình ở Hà Nội, có miếng đất 5x10m2 định xây kinh doanh kết hợp ở. Kinh doanh thì có thể là cho thuê hoặc tự mở shop gì đó. Mặt ngõ thôi nhưng 2 ô tô tránh nhau. Nếu xây 6 tầng + 1 tum có thang máy thì hết khoảng bao nhiêu nhỉ. Ae tư vấn với. Mình đang dự kiến khoảng 3 4 tỏi k biết có đủ không","[0, 1, 2, 5]",1.0,"Mình đang dự kiến xây dựng kinh doanh, nhưng mặt ngõ hạn chế và 2 ô tô tránh nhau nên cần tính toán kỹ lưỡng để đảm bảo an toàn cho cả người dân và xe cộ.",,,False
1129900,"Chi phí khám bệnh 300k/1 lần là quá cao với mức sống ở VN. Mà vào khám thì tính thời gian còn chưa được 5-10p. Biết là tri thức của bác sỹ thì quý giá, nhưng tri thức của các ngành nghề khác cũng quý giá như nhau chứ nhỉ. Không hiểu sao mặt bằng giá khám bệnh ở VN lại cao như vậy, chỉ 10p mà tương đương 1.5 ngày công của công nhân.","[0, 2, 3, 4, 6]",1.0,genuine stress,,,False
1089056,"Mỗi ngày lên lớp với em là một nỗi buồn, khi chịu đựng những lời khinh bỉ, miệt thị từ bạn bè ""sao mày nhìn phèn thế, nhìn dáng người có khác gì lão hạc không"", ""đã nghèo lại còn học ngu"",.... Em cảm thấy mất hết giá trị của bản thân khi gần những người toxic như vậy Về đến nhà thì nghe bố mẹ chửi nhau, la hét tối ngày em, em cảm thấy thật ngột ngạt Tại sao cuộc sống cứ khắc nghiệt như vậy, chỉ muốn trở thành công chúa ngủ trong rừng, chắc em thoát khỏi kiếp nạn này một cách nhẹ nhàng Cảm ơn các bác đã lắng nghe","[0, 1, 2, 3, 4, 5, 6]",1.0,genuine stress,,,False
1033352,"Em bị gàu nặng, dùng dầu gội nào thì vẫn bị ngứa. Tóc để ý gần đây mỏng với dễ rụng hơn(dù chưa hói). Các bác có biết phòng khám da liễu nào trị bệnh nấm gàu này ở hà nội không",[4],1.0,The author is experiencing ongoing mental burden due to their health issues (nấm gàu) and its impact on their self-image (tóc mỏng và dễ rụng),,,False
1135675,"Em đang làm 1 dạng công ty vốn nhà nước, môi trường do đó rất ""già"". Sau làn sóng cắt giảm 6 tháng trước thì có thay đổi cơ cấu lãnh đạo phòng, thành ra các đầu mục công việc chưa xác định trách nhiệm bên nào làm, ai cũng chỉ phủ mặt công việc cho xong, dự án em theo thì đến giai đoạn hậu bàn giao, mọi thứ gần êm xuôi, do đó nhàn càng thêm nhàn. Gần như mỗi ngày em lên văn phòng chỉ để cho có mặt, tránh gặp thị phi, máy tính ở góc phòng nên muốn làm gì cũng không ai biết, có hôm còn lên chơi game. Ban đầu thấy cũng êm êm, sướng như vua, ngồi không hưởng lương, nhưng dần dần thấy bản thân thì đụt đi, tư duy chậm, phản xạ kém, giao tiếp thì ấp úng, sợ nghe điện thoại, giống hệt mấy dấu hiệu của thất nghiệp kéo dài. Em thấy phí thời gian quá nên cũng tìm việc mới dần nhưng thị trường có vẻ kén trong giai đoạn này quá. Có bác nào gợi ý job online hoặc học gì để tránh bị đụt không các bác","[0, 1, 2, 3, 4, 5, 6, 7, 8, 9]",1.0,Thị trường có vẻ kén trong giai đoạn này quá,,,False
1011290,"Như tít, tự nhiên tk nhận 50 củ mà ko biết ai chuyển. Giờ giải quyết ntn các bác, báo conan hay báo banker. ---- Update là nó có ck thêm 3 lần 5k đưa số dt và tk nhận tiền. Yêu cầu mình ck lại và có note tặng mình 2tr tiền coffee. Này thì hơi rén, để mai ra bank rồi ck lại cho nó. Tự nhiên ôm cục mệt vào sư nhà nó. Cái mình thấy hơi sợ vì 2 stk khác nhau, tk chuyển nhầm và tk yc chuyển lại khác. Con bé chủ tk trình bày là vì nó đổi tiền, bên đổi tiền ck nhầm, nếu mình ck lại stk của bên chuyền tiền thì nó cũng coi như mất số tiền đó..v.v --- ---","[0, 1, 2, 3, 4, 5, 6, 7, 8, 9]",1.0,genuine stress,,,False
997182,"Chào mấy bác, Nhà em mới xây được mấy tháng mà thằn lằn nhiều kinh, nó ỉa khắp nhà làm em dọn mệt mỏi quá nên xin mấy bác chia sẻ cách đuổi thằn lằn đơn giản mà hiệu quả, em cám ơn.","[0, 1, 2, 3]",1.0,"Chủ đề này liên quan đến việc giải quyết vấn đề nhà cửa, có thể được coi là một vấn đề về 'Social'",,,False
1128344,"E có để dành khoản tiền dự sẽ xây nhà riêng, xong cưới vợ luôn. Mà bà mẹ e lại muốn mua đất, nếu mua đất thì sẽ hỗ trợ tiền, e đứng tên, đất dự định mua sẽ ở gần trung tâm xã khác đông dân cư hơn, thuận tiện buôn bán nếu muốn. Còn xây nhà, nếu xây thì e sẽ xây trên mảnh đất của mẹ e, vì sau này dù gì chắc cũng được cho, hiện bà có 3 nền thổ cư, còn các sổ khác nữa mà toàn đất cln. tất cả đất trên đều ở gần trung tâm xã nhưng dân không đông lắm. Trước giờ ở nhà bé như cái lỗ mũi, nên thèm xây nhà khang trang tý. Mà giờ nghe vậy hơi phân vân. Kiểu nếu mua đất xong thì tích góp xây nhà tầm 1-1,5 tỷ chắc đến 4-50 tuổi mới làm nổi",[3],1.0,"Author is experiencing stress due to family-related issues, specifically the pressure of building a house and managing their mother's expectations. They are torn between buying land and building a house, which is causing anxiety about their financial situation and future plans.",,,False
1156101,nhà e có người già 8x tuổi nghe đâu được phát 500k mỗi tháng mà lâu quá không thấy gì có nhà bác nào có người già nhận được chưa,"[3, 8]",1.0,"author is expressing frustration and concern about an elderly person not receiving financial support, indicating ongoing mental burden due to a temporary situation that has been ongoing for too long",,,False
1059937,"Cuối năm gần tết đến nơi, nhìn mọi người xung quanh vui tươi sắm tết mà bản thân cảm thấy vô vọng, bất lực vc. Mình là thằng trước có cái thớt đòi quyền lợi bảo hiểm cho mẹ bị Alzheimer ko biết ai nhớ không? Các thím thôi thì làm phước nghe mình than vãn chút, cho mình bớt chút gánh nặng trong lòng lúc này! Chuyện là cty mình sang năm có chính sách gộp bộ phận team mình thành 1, ko chia 2 mảng như bây giờ nữa. Tỉnh mình thì ngoài mình còn một thằng em 9x nữa làm khác bộ phận nhưng chơi thân, hỗ trợ nhau rất nhiều trong cv. Lên cái cân của các sếp thì mình tạch, thằng e mình dc giữ lại. Thật sự cảm thấy một chút oan uổng nhưng trên hết là tiếc nuối những giọt mồ hôi, nc mắt và cả máu mà mình cống hiến cho cv này. Tiêu chuẩn mà công ty đưa ra là chỉ số tăng trưởng của doanh số chứ không phải KPI công việc, trong khi bp mình là bộ phận suport cho các bạn NVBH thôi - có tác động rất hạn chế đến số má. Biết là với kinh nghiệm và profile của mình ra tết tìm vc mới không khó, nhưng vẫn tiếc nuối cv này rất nhiều, hix hix Quyết định chính thức thì chưa công bố nhưng qua các mqh của mình trong cty thì là chốt rồi, rất khó thay đổi","[0, 1, 2, 3, 4, 5, 6, 7, 8, 9]",1.0,"Genuine stress due to feeling overwhelmed by the workload and responsibilities at work, combined with a sense of helplessness and frustration about not being able to cope with the pressure.",,,False
1164249,"Mong admin không xoá post này vì nó có thể giúp thêm được nhiều người: Mưa lớn gây ngập lụt trở lại khả năng cao sẽ xảy ra từ 2/11-4/11 ở khu vực Huế, Quảng Trị, Quảng Bình. Hãy tích trữ thêm thực phẩm đủ cho 5 ngày nhé ae miền Trung. Nếu đồ đạc đã kê cao thì đừng vội dời xuống. Lượng mưa sẽ giảm vào 30/10-1/11 và quay trở lại vào 2-4/11.","[0, 6]",1.0,genuine stress,,,False
1053728,"Tình hình là em thử làm Vino, đang thử đăng ký qua dịch vụ công, đến đoạn nó yêu cầu mã hồ sơ lệ phí trước bạ. Nhưng xe điện không phải nộp LPTB nên không có mã. Có fen nào xử lý vụ này chưa?","[0, 1, 2, 3]",1.0,Có thể yêu cầu hỗ trợ về việc nộp lệ phí trước bạ cho xe điện không phải nộp LPTB,,,False
1184360,"Hi các fency, Tình hình là mấy nay tui được gọi mời đi phỏng vấn liên tục. Vị trí toàn là quản lý cấp cao như giám đốc, head, manager. CV của tui y hệt cách đây 3-4 tháng trước. Nhưng đợt ứng tuyển cách đây tầm 3 tuần thì tỉ lệ được gọi mời phỏng vấn cao hẳn, dù là các vị trí cấp cao hay mấy vị trí nhân viên, chuyên viên quèn. Hiện tui đã làm chuyên viên quèn được 1 tuần, đã ngưng ứng tuyển được 3 tuần, thì tự nhiên mấy nay liên tục có cty gọi, tầm 5-6 cty gì đó rồi. Nên fency nào thất nghiệp hay nhảy việc thì tranh thủ apply linh tinh đi nha. Chia sẻ trải nghiệm bản thân thì lần đầu làm manager của tui cũng là ứng tuyển vào tháng 12 này. Đợt đó tui deal thêm 1 tháng signin bonus (bù thưởng tết), nhưng ko deal được. Tuy nhiên lúc đó lương tăng gấp đôi nên cũng bỏ luôn thưởng tết. Chúc các fency may mắn","[0, 2, 3, 4, 5, 6, 7, 8, 9]",1.0,"Thị trường việc làm đang rất cạnh tranh và nhiều người có kinh nghiệm, nên fency cần linh hoạt và thích ứng để tìm được công việc phù hợp.",,,False
1100940,"Em làm QC manual cực vl, toàn 7h mới về, em thấy cùng số năm kinh nghiệm mà lương QC thấp hơn Dev, BA, Design trong khi họ lại nhàn hơn mình ? Liệu có bất công quá không các anh, em có nên đòi hỏi Sếp ?","[0, 1, 2, 3, 4, 5]",1.0,genuine stress,,,False
862439,"bgai mình chu kỳ 21 ngày thì tính ngày an toàn ntn nhỉ các tiền bối. bị trễ rồi lo quá ngày 26 tháng trước bắt đầu có kinh, tháng này 14 15 qh mà nay bị trễ chưa thấy đến ngày","[0, 1, 2, 3, 4, 5, 6, 7, 8, 9]",1.0,"Bị trễ và lo về tiền bối, ảnh hưởng đến cuộc sống và bản thân",,,False
1110711,Tự nhiên chiều giờ đọc post ông kia f17 có 4 Bitcoin trị giá gần 20 tỏi mà áp lực cột sống ngang ngang. Mà khoe mẽ quá ops ban rồi thì phải. Dân đen phế vật như mình mà có 1 tỉ thôi thì tự biết kiếm cái chỗ bé bé xa xa thành phố xô bồ sống nằm thẳng làm bảo vệ an phận qua ngày. Cuộc sống giờ phải chịu tính mẹ già bệnh tật khổ quá rồi. Đã vậy mỗi ngày cứ như hành xác. Ước mơ có 1 tỉ để sống 1 mình mà sao nó xa vời. Cảm muốn bây giờ chỉ ước được sống mỗi ngày bình yên thư thái k có chuyện hay vấn đề gì đó xuất hiện là hạnh phúc lắm rồi. Lướt thấy ảnh này mà nhìn mãi. Mình cũng tựa tựa như này,"[0, 1, 2, 3, 4, 5, 6, 7, 8, 9]",1.0,genuine stress,,,False
1036405,"Hi các thím Mình đang kiếm 1 nhà thầu xây dựng ở TpHcm, đã nghiên cứu 1 số đv như Thiết Thạch, TLT, Ant, … nhưng thấy thông tin cũng loạn quá . Thím nào từng xây nhà trong 2 năm gần nhất và ưng ý thì cho mình xin đv thầu với ạ. Thông tin xây: Mình xây khu vực Gò Vấp, đất 5 x 8, xây 1 T, 1 L, 3 L, 1 Tum Với có kinh nghiệm gì trong quá trình tk - xd nhờ các bác tư vấn thêm giúp mình nhé, tks","[0, 2, 4, 6]",1.0,"genuine stress: Work, Money",,,False
1127320,"Tình hình công việc làm ăn đang kém quá mấy fen ạ. Mình làm đồ hoạ, trước làm cty nhưng k chịu yên ổn 1 chổ, nhảy ra làm freelance, giờ thua… Giờ mình chuyển hướng sang học nghề Kỹ Thuật sửa chữa điện thoại luôn còn kịp k mấy fen, lúc trước mình cũng có tập toẹ vào ngành điện thoại 1 thời gian thì thấy cũng phù hợp. Với mình cũng còn đủ vốn mở tiệm ở quê. Giờ tính học chuyên sâu luôn mà học ra sợ k có hướng đi mấy fen ơi…","[0, 2, 3, 4, 6]",1.0,"genuine stress: work, money, family",,,False
1134936,"Tôi vừa đi làm lại sau nửa năm nghỉ. Mà đi làm lại nhớ những ngày thức đêm lướt tiktok, fb, game, xem sex. ngủ dậy ko cần báo thức, cơm trưa xong đi check hàng (đã chia tay con ghẹ đươc 4 tháng ), chiều mát đi bơi, bia bọt. Sống không phải nghe lệnh của của ai, ko áp lực công việc. Đang tính cố làm đến tết rồi lại nghỉ chơi tiếp. 32 tuổi rồi mà nát từ trong suy nghĩ.",[0],1.0,"author is experiencing burnout and overwhelm due to returning to work after a long break, missing the freedom and lack of pressure from their previous life",,,False
1122733,"Chào các thím Tình hình là thời gian gần đây, có nhiều thím sẽ đi đổi bằng lái, đổi căn cước, giấy tờ... Có thím thì bằng hết hạn, có khi thẻ cccd hết hạn, hoặc có khi chỉ đơn thuần là muốn đổi thẻ cho đúng mẫu mới đúng địa giới, cái này cũng tốt. Nhưng các thím nào thật sự gấp hay đổi ngay, còn ko thực sự gấp thì ko nên đổi ngay. Như bạn của em, trước 1/7/2025, định đổi bằng lái, nhưng em khuyên chưa cần gấp, thì qua 1/7, có địa giới mới hẳn đổi cho đúng. Chưa kể sau 1/7/2025, mặc dù đã có địa giới mới, nhưng vẫn có 1 trường hợp là các xã phường gộp với nhau, vẫn chưa thống nhất chuyện đổi thành tổ dân phố, hay khu phố, thôn, ấp... Rồi trùng tên thôn... Các kiểu. chưa kể trùng tên đường, số nhà... Cho nên nếu chưa thực sự gấp, thì các thím hẳn đợi khi nào địa phương các thím chốt số nhà, tên đường, tên thôn xóm... Chắc chắn, lúc đó các thím đổi giấy tờ cho đúng thông tin. Còn thím nào quá gấp thì tranh thủ đi đổi, chứ đứng đợi. Ví dụ đi làm sổ đỏ, căn cước, thì hỏi cán bộ khỏi đưa tên thôn, khu phố vào được không, vì sợ khi thay đổi sẽ không chính xác, khỏi mất công đi làm thủ tục đính chính","[0, 1, 2, 3, 4, 5, 6, 7, 8, 9]",1.0,Các thím nên cân nhắc kỹ trước khi gấp việc đổi giấy tờ,,,False
709165,Anh em ai có tiêm vacxin vgb thì đừng tiêm loại CuBa  nhé. Mình 3 mũi mà 6tháng đi đo <90 . Bs nói rất nhiều người tiêm của CuBa bị mất kháng thể nhanh .,[4],1.0,"Author is expressing concern about their own health and the potential negative effects of a specific vaccine on their immune system, indicating genuine stress.",,,False
1031745,"Bài này chắc hơi sớm, do hôm nay ngồi tính toán tiền bạc các thứ lại nên sẵn lên hỏi thăm anh em thế nào. Tui chắc từ này tới 1/1/25 dư ra so với năm trước tầm 20-50tr là cùng. Có cái là quần áo các thứ không có sắm sửa dồn vào cuối năm mà quanh năm mua lắc nhắc nên chắc không tốn thêm. Được cái sức khỏe cũng ổn, cửa hàng đang đứng bán cũng có cải thiện hơn so với năm trước nhưng do đầu tư vào hàng hóa nên cũng ko kê đc nhưng chắc cũng không bao nhiêu (tầm 1 vài chục). Thấy so ra cũng hơi tệ mà thôi, nói chung ko bệnh hoạn gì cũng vui rồi. mấy fen thì sao.",[0],1.0,author is personally experiencing financial stress due to calculations and concerns about expenses,,,False
1118410,"Tất cả quá khứ giờ xem là nháp, giờ vươn mình đón kỷ nguyên mới , đón chờ xem những gì mới sẽ về với bản thân và xung quanh Bản thân trước: sáng ngủ zậy bổng dưng thành dân xì gòn, được bonus thêm cái tilte ""đã có nhà xì gòn""","[0, 1, 2, 3, 4, 5]",1.0,genuine stress,,,False
1124653,như tít mấy thím ạ . vì hiện nay ctoc lt-dg hướng về sg no hope rồi . đi ql51 về ngã 3 vt cũng oải quá giờ chỉ còn hướng phà cát lái. hoặc mấy thím nào biết có đường nào khác ko ạ ? via theNEXTvoz for iPhone,[8],1.0,"temporary situation, complaining about traffic and transportation",,,False
1168342,"(Post hơi nhảm). Bạn bè mình làm bên finance, accounting, consulting nhiều. Thấy có những bạn 9x mà tittle kha cao. Kiểu director quỹ VN, senior vice president bank Mỹ, principal MBB Mỹ. Mới 9x mà đã vậy thì sau lớn tuổi hơn nữa còn gì để leo, với chức vụ cuối cùng các bạn nhắm tới là gì nhỉ? C level, partner? Edit: spelling","[0, 1, 2, 3, 4, 5, 6, 7, 8]",1.0,Thấy có những bạn 9x mà tittle kha cao trong lĩnh vực tài chính và quản trị kinh doanh,,,False
1100865,"Mọi người ơi cho em hỏi là e làm hồ sơ hoàn thuế qua etax từ ngày 2/4 và có quyết định hoàn thuế từ 9/4 rồi nhưng nay em vẫn chưa nhận được tiền. Hôm nay e nhận được 1 mail thư ngỏ THƯ NGỎ​ Về thực hiện nghĩa vụ thuế đối với hoạt động kinh doanh thương mại điện tử, kinh doanh trên nền tảng số​ Em nhớ lại năm ngoái e có dùng thử shopee affiliate và được thanh toán 15k. Không biết có phải vì lí do này mà e chưa nhận được tiền ko hay do kho bạc khu vực em chưa giải quyết.  Khu vực XV ạ.","[0, 1, 2, 3, 4, 5]",1.0,Mọi người ơi cho em hỏi là e làm hồ sơ hoàn thuế qua etax từ ngày 2/4 và có quyết định hoàn thuế từ 9/4 rồi nhưng nay em vẫn chưa nhận được tiền.,,,False
1128496,"Khảo sát trong nhóm BIM trung bình là dưới 20tr, trong khi kiến thức phải học thì rất nhiều, như thế này hy vọng mua nhà cửa là nohope Trong khi thấy bọn sales tụi nó toàn từ 20-25tr, lương cơ bản 6tr nhưng ăn hoa hồng nhiều.","[0, 1, 2, 3, 5]",1.0,genuine stress,,,False
1125353,"Tình hình hiện tại là như thế này, hơn 1 tuần trước cậu sáu (anh trai song sinh của mẹ em) chuyển lên bệnh viện ở HCM, mẹ em phải lên phụ  để chăm nom. Ba hôm trước thì cậu sáu mất, mẹ em đưa cậu sáu về quê để chôn cất. Hôm nay mẹ em về nhà thì nói rất nhiều và nói linh tinh, cũng không còn minh mẫn, biểu hiện rất giống bệnh tâm thần, nhưng vẫn còn khá tỉnh táo (vẫn biết dọn dẹp nhà cửa). Hôm cậu sáu mất, mẹ em còn nhìn thấy tai nạn giao thông bị xe cán qua người nữa. Em có nghe bên ngoại nói có thể do anh em song sinh mất nên ảnh hưởng tâm linh tới mẹ em, em cũng không rõ cái này có đúng không nên vẫn muốn đi điều trị ở bệnh viện trước. Ban đầu em định đưa mẹ đi khám ở bệnh viện Tâm thần TP Hồ Chí Minh, nhưng sau khi đọc một số nội dung review thì thấy không ổn. Các bác biết bệnh viện tâm thần nào ổn ở thành phồ HCM giới thiệu giúp em với. Em cảm ơn các bác rất nhiều","[0, 1, 2, 3, 4, 5, 6, 7, 8, 9]",1.0,Bị mất con trai song sinh và phải chăm sóc anh em trong tình huống khẩn cấp đã gây ra áp lực tâm lý và cảm xúc tiêu cực.,,,False
1083883,"như tit có fen nào không? còn em đang có chút gian lận, không vi phạm pháp luật nhưng cũng thấy hơi áy náy. cơ bản là 2 bên vẫn có lợi nhưng do em gian lận nên lợi nhiều hơn, ngày kiếm vài củ là bình thường. đúng là làm ăn chân chính đàng hoàng khó giàu, đọc báo thấy Quyết FLC mới hầu toà nhìn thảm vcl, giàu như vậy rồi mà còn dính lao lí vì lừa đảo","[0, 1, 2, 3, 4, 5]",1.0,gian lận về mặt tài chính để kiếm lợi,,,False
1112793,"Chào các thím. Tình hình là dạo này em đọc các bài viết về nhiễm vi nhựa trong thực phẩm. mà mỗi khi đi mua cơm hộp đựng trong cái hộp xốp trắng, em để ý trong hộp nó có 1 lớp bụi nhựa rất mịn, ngoài ra còn là bụi bẩn ở ngoài môi trường bám vào. Còn khi đi uống cà phê, em thấy quán sử dụng ly nhựa hoặc ly giấy, mà ly nhựa vẫn phải dùng mực in ko tốt cho sức khỏe. Hàng ngày, một lượng lớn hộp cơm nhựa, bọc nhựa, ly nhựa, xả ra môi trường bên ngoài, vừa tốn kém chi phí cả người bán và người mua. Cũng ko chắc bên sản xuất ly hộp có an toàn ko. Nên gần đây, khi ra quán uống cafe, em thường đem theo ly inox, đưa cho nhân viên luôn, có nắp đậy, và ống hút inox của em nên rất an toàn. Đi ăn phở em cũng múc trà của quán vào ly inox để dành đem theo uống, tránh uống chung ly có sẵn vì sợ nhiễm virus viêm gan, còn ly nhựa ở quán họ để ở ngoài đóng 1 lớp bụi. Còn khi đi mua cơm và thức ăn mì phở bên ngoài, em mang theo hộp đựng cơm inox và cà mên luôn. Hộp inox đựng thức ăn cũng kín, mang tới chỗ làm ăn xong đem về rửa ko phải xả rác ở chỗ làm, hoặc rửa tại chỗ luôn. Có thím nào làm giống như em ko ạ.","[0, 1, 2, 3, 4, 5, 6, 7, 8, 9]",1.0,Bị buộc phải mua hàng hóa nhựa và xả rác ngoài môi trường,,,False
1079311,"Chuồng trại 100tr Bò giống 10tr/con Lương nông dân 10tr/tháng Ăn cỏ 1 năm bán 40tr/bò, thu 2 tỉ","[0, 6]",1.0,genuine stress due to financial struggles and high workload,,,False
1086366,"Mình vừa được đền bù 3 sào đất ruộng của ông bà cho. Được 1 khoản nhỏ. Cầm chưa nóng tay. Mà đợt này thấy tiền mất giá, lãi suất ngân hàng thấp, đang tính mua 1 tài sản hợp lý cấp đi, chỉ giữ 5-10% tiền mặt. - Vàng: Mình đang cũng mua vàng tích luỹ từ lâu. Nhưng đợt này vàng cao quá, mình tính chỉ dùng khoảng 40% số tiền để mua vàng cất gầm giường. - Bất động sản: không đủ tiền mua ( mặc dù ở quê nhưng mảnh đất ưng ưng toàn trên 2 tỷ, ngót 3 tỷ ). Bất lực. - Usd thì không đc mua bán rồi. - Đầu tư  cái khác như chứng khoán, trái phiếu .... thì chịu Ko đủ đóng tiền học phí, mà tầm này đầu tư kinh doanh khó khăn. Chỉ có mỗi trò đi đấu giá đất , trả thấp may ra trúng thì bán cọc, nhưng giờ có đội lái chuyên nghiệp rồi cũng móm rồi. => Chả nhẽ  lại All in tất tay vào vàng tiếp","[0, 1, 2, 3, 4, 5, 6, 7, 8, 9]",1.0,Genuine stress: Aspects 0-8,,,False
1078218,"Em làm từ thứ 6 tuần trước, đã ra biển, đã nộp tiền, mà chưa thấy kết quả giải quyết đâu. Xem quy trình thì còn thấy chưa tiếp nhận hồ sơ. Giờ như nào các bác nhỉ? Đợi hay lên xã?",[8],1.0,"author is experiencing ongoing mental burden due to uncertainty and delay in a specific situation (life event), which is causing anxiety and frustration",,,False
969632,"Nay tiếp tục chia sẻ về lương IT Helpdesk của mình. Lúc mới ra trường mình xin làm Helpdesk cho một công ty outsourcing được ít tháng, mục địch là lấy kinh nghiệm lên sys admin. Lương lúc đó  cách đây gần chục năm đâu đó hơn 4tr/ tháng. Làm full tuần, tháng nghỉ 2 ngày. Được ít tháng thì nghỉ do không học đc gì nữa, may mắn xin vào công ty FDI, đợt đó thiếu người mà cần gấp nên được nhận, nhưng hợp đồng có 6 tháng ( do ko đáp ứng đc khả năng ngoại ngữ), lương đâu 6-7tr. Rồi do khôn khéo trong quá trình làm việc cũng như thái độ làm việc tốt, mà giữ lại được 1x rồi 2x kết quả là đc hơn 30tr tí sau  hon 8 năm làm việc. Rồi xin nhảy việc, lần này thì vào big4, lương thì 1/3 so với mưc lương cũ, nhưng thu nhập năm thì cũng bằng thôi ( thu nhập  này nếu làm đủ trọn 1 năm tài khoá) Nói chung ngành này thu nhập vài trăm củ thì ko có, chứ 20-30/ tháng thì dễ. Thậm chi minh quen 1 số bạn role sys, net admin mà thu nhập cũng tương đương mình thôi",[0],1.0,"author is sharing their personal experience of salary changes in the IT industry, expressing frustration about a significant drop in income after switching to a big4 company",,,False
1142678,"lâu lâu đi chơi với bạn chung lớp cũ lại lòi ra 1 đứa lân la hỏi m đang làm gì lương bao nhiêu, có j về làm cho t. tôi hỏi m mở công ty gì thì nó nói mới chuẩn bị chứ chưa mở, cũng ko thấy tí tiềm năng lãnh đạo hay chuyên môn gì từ thời đi học. quan hệ hay vốn cũng ko, tất cả những gì nó có là sự tự tin vào sự khôn lỏi của mình sau khi hustle vài năm ngoài xã hội tôi nghĩ thầm loại này đi làm thuê còn chưa ra hồn mà cứ ảo tưởng nhưng vẫn lịch sự bảo nó cố gắng có gì cần hợp tác thì liên hệ xong về xoá luôn frend zalo","[0, 1, 2, 3, 4, 5, 6, 7, 8, 9]",1.0,genuine stress,,,False
982772,"Các bác cho mình tham khảo chi phí xây nhà ống diện tích 5x19, 3 tấm ở Đà Nẵng tầm bao nhiêu nhỉ. Đang có 1t7 ko biết có đủ không Mình định khoáng phần thô thì giá thị trường bao nhiêu m2 nhỉ",[0],1.0,"The post mentions a specific financial concern (chi phí xây nhà ống) and uncertainty about whether they have enough money to afford it, indicating ongoing mental burden related to work.",,,False
1165911,"Hồi nhỏ tôi nghe bố mẹ và thấy giáo bảo nếu các em thích nghề nào thì sẽ thành công với nghề đó, chỉ cần đam mê theo đuổi. Nhưng khi lớn lên đi làm với đồng nghiệp, thấy ai cũng than chán nghề, tỉ lệ bỏ nghề rất cao mặc dù ngày xưa đều là top cao thủ thi đại học, đều đam mê nó rất nhiều ko phải là kiểu thi đại cho có. Vậy thực tế nếu đam mê mà môi trường ngành nghề quá toxic thì dần con người chấp nhận chứ ko còn đam mê nữa. Mà nghề xây dựng bản chất đi tuyển dụng cũng bị lãnh đạo lừa bịp hứa hẹn, bắt làm rất nhiều nhưng cảm thấy ko vui vẻ gì.","[0, 1, 2, 3, 4, 5, 6, 7, 8]",1.0,Thực tế nếu đam mê mà môi trường ngành nghề quá toxic thì dần con người chấp nhận chứ ko còn đam mê nữa.,,,False
1111804,"Cty mua cho mình bảo hiểm sức khỏe Hùng Vương, nhưng yêu cầu phải dùng BHYT khi khám mới được claim 100% (BHYT 50%, Hùng vương 50%). Mình thì muốn khám dịch vụ cho nhanh chứ BHYT lâu lắm. Nên bác nào có kinh nghiệm thì chia sẻ giúp mình xem có dùng BHYT để khám dịch vụ tại DH Y dược kh nha","[6, 9]",1.0,Mình đang muốn khám dịch vụ nhanh nhưng không biết liệu có phải dùng BHYT hay không.,,,False
1046277,"Nhân sự toàn yếu kém, người quen cocc của sếp đưa vào. bọn nó làm việc kém quá mình phải ngồi sửa từng tí 1. (nhân viên content, seeding, kế hoạch...) nó làm hỏng sếp lôi đầu mình ra gõ phải làm sao nhỉ.","[0, 2, 3]",1.0,genuine stress,,,False
1120785,"Tôi quên mất là đa số dòng họ đều làm kỹ thuật, nên cứ buột miệng nói Bảo là kỹ thuật học nhiều nhưng ra trường nó trả 5-7tr, làm 5 năm may ra đc 15tr đổ lên, xong cứ quy cho nhân viên kém ít kinh nghiệm Trong khi thực tế bảng lương nó sờ sờ ra, hỏi sao lương bên kỹ thuật kém hơn bên sales, Thì sếp bảo bên sales đem tiền về cho công ty còn bên kỹ thuật lợi nhuận ít, nên em tưởng ko công bằng chứ xã hội nó đã định hình sẵn vậy Ở quê thì bảo do trình kém chứ con bác, cô chú toàn lương ngàn đô, ấy vậy mà bảo góp sửa cái nhà thờ ko ai đóng góp Về quê thì vẫn cứ đi xe máy về, trong khi giờ có thấy bọn trẻ thi vào kỹ thuật mấy đâu, toàn thấy học kinh doanh với truyền thông.","[0, 1, 2, 3, 4, 5, 6, 7, 8, 9]",1.0,genuine stress,,,False
1106255,"Các bác nào am hiểu luật pháp và thừa kế có thể tư vấn giúp em với ạ Tình hình là gia đình e ko trọn vẹn, e thì ở theo bố - hiện tại ông đã có tập 2 và kết hôn. Mẹ kế thì có 1 ng con gái riêng và 2 người quyết là không có con chung nữa Khi bố mẹ e li dị thì 2 người quyết định hoà giải và chia tài sản bằng tiền - ý định của mẹ là muốn giữ nguyên đất cho e không chia 2 Nhà cửa thì do bố mẹ e làm ra và đất thì do ông cha để lại. Mặc dù mẹ kế sau này cũng sống rất tốt với 2 bên gia đình và bố con e nhưng theo em biết là nếu bố e có mệnh hệ gì ra đi trước thì hàng thừa kế tiếp theo đó chính là vợ Dù có như thế nào thì cũng là ng khác máu tanh lòng, cũng ko thể biết được ngày mai lòng người đổi thay ra sao nên em đang suy nghĩ là kêu bố e làm di chúc để không may một ngày ông có nhắm mắt xuôi tay trc thì đất đai vẫn thuộc về em. Đương nhiên là e không tham lam nhưng cái gì của mình thì bắt buộc vẫn phải thuộc về mình Bác nào am hiểu luật pháp hay đã trải qua trường hợp giống như e cho em xin ít lời khuyên em làm như trên có được không ạ Em cảm ơn các bác EDIT: E chỉ quan tâm đến việc giữ đất đai ông cha để lại, tài sản của bố mẹ thì em không quan tâm và cũng không có nhu cầu cần thừa kế ạ via theNEXTvoz for iPhone","[0, 1, 2, 3, 4, 5, 6, 7, 8]",1.0,Bác đã trải qua trường hợp của em và có tư vấn giúp em giữ đất đai ông cha để lại,,,False
1114794,"Tình hình là bên ông già vợ mình xưa có 1 đời vợ, đã ly dị và chia tài sản xong xuôi cho đôi bên từ rất lâu rồi sau đó mới cưới mẹ vợ mình. Ổng có miếng đất ở khá xa, không ai chăm nôm nên người con gái cũ chơi trò xây nhà cướp đất (này phổ biến vãi). Ổng kiện để lấy lại hơn 10 năm rồi giờ bọn thi hành án mới chịu làm chứ tòa phán xong lâu lắm rồi, thanh niên bị ám ảnh đến mức học thuộc cuốn sách luật luôn. Con gái vợ cũ ổng thì thuộc dạng số má, đề đúm, cờ bạc quen toàn dân anh chị, xì ke, xưa mấy lần thuê tố đá đe dọa nhà vợ mình rồi. Giờ bên thi hành án đập nhà cái vẽ ra câu chuyện tiểu tam dụ chồng đập nhà con ghẻ để bôi nhọ danh dự gia đình vợ mình trên FB. Mấy bạn cho mình hỏi giờ mình collect hết bằng chứng kiện tội phỉ bám được không ta, hay có cách nào cho bọn này một bài học không nhỉ? mình đang chụp màng hình và quay phim lại hết rồi vị có một đám bạn seeding, vu khống bôi nhọ bên nhà vợ mình.","[0, 1, 2, 3, 4, 5, 6, 7, 8, 9]",1.0,STRESS,,,False
1110137,"Chào các bác Chắc cũng có vài bác biết em hay lang thang bên box tuyển dụng rồi, hiện em đang làm HR được  4 năm, ở tỉnh em sống thì nghề này hơi khó thăng tiến, nếu có thì chỉ lên được trưởng phòng (hiện em đang là trưởng nhóm nhân sự)Công việc hiện tại của em thì vẫn ổn, nhưng cứ bình bình như thế mãi chưa bứt lên được. Tuần trước em có nhận được lời mời về làm trưởng phòng nhân sự cho một công ty mới thành lập, mức lương - chế độ theo em đánh giá là khá tốt tuy nhiên công ty này mới quá nên em hơi rén. Mạn phép lập thớt trên đây mong nhận được góp ý của các bác, dưới đây là sơ lược về 2 offer của em Vị trí Chế độ Job hiện tại Trưởng nhóm Bình  bình qua ngày, 1 -2 năm review lương 1 lần. Công việc thuần về nhân sự. Độ ổn  định khoảng 70%. Công ty cách nhà khoảng 10km Job mới Trưởng phòng nhân sự Sẽ  là cán bộ chủ chốt của nhà máy do mới thành lập được khoảng 2 năm. Lương  offer cao hơn hiện tại khoảng 40%. Tuy nhiên không rõ độ ổn định thế nào, Công ty cách nhà 35km, có 2 lựa chọn nếu ở lại thì công ty sẽ thuê nhà cho, nếu đi đi về về thì công ty sẽ cho thêm tiền xăng xe.","[0, 1, 2, 3, 4, 5, 6, 7, 8, 9]",1.0,STRESS,,,False
1171448,"Chào các bác, tình huống của em có hơi chuối, đang loay hoay không biết lựa chọn sao cho ổn nhất. Em năm nay 25, trước đây có khoảng gần 3 năm kinh nghiệm làm trong lĩnh vực phần mềm (Backend/Data Engineer và cả AI), sau đó không biết như thế nào mà lại xin được học bổng toàn phần đi du học thạc sĩ ở bên trời Âu về Computer Engineering. Sang năm thì em tốt nghiệp, sau thời gian học thì em đã tích lũy được thêm các kiến thức cả phần cứng lẫn mềm, GPU programming, High-Performance Computing, Digital Design, DSP, ... Em không định ở lại bên châu Âu, nhưng không biết về Vietnam thì làm ở đâu hay mảng nào để có thể tận dụng kiến thức tối đa và cơ hội, thu nhập tốt, em không muốn quay lại làm AI hay Backend, nhưng cũng không muốn làm nhúng.","[0, 1, 2, 3, 4, 5, 6, 7, 8, 9]",1.0,"tình huống của em có hơi chuối, đang loay hoay không biết lựa chọn sao cho ổn nhất",,,False
1072720,"hi mấy thím, còn vài tháng nữa là em tròn 1 năm để rút BHXH 1 lần, do thời gian qua em làm Freelance, nên dự tính rút xong để lo việc gia đình rồi đi làm đóng lại, 15 năm nữa nhận lương hưu vẫn kịp, hiện tại e cũng chỉ mới 32 tuổi. Em hộ khẩu ở tỉnh, nhưng sinh sống và làm việc TPHCM thì tới trung tâm dịch vụ việc làm gần nhất để làm thủ tục phải không ạ? Hay phải về tỉnh. Em cảm ơn mấy thím","[0, 1, 2, 3, 4, 5, 6, 7, 8]",1.0,genuine stress,,,False
1106922,"Thấy mấy bác nói bán shopee thương mại điện tử khó khăn lắm, mà con nhỏ này bán shopee đủ loại tmđt, doanh thu trong 2 năm hơn 27 tỷ đồng. Tôi nhìn thấy trong hình để sâu trong nhà là hủ khô gà hay sao ấy nó bán khô gà với mấy sản phẩm khác thu nhập ác thật","[0, 1, 6]",1.0,genuine stress,,,False
1149451,"Sống hơn 20 năm trên đời, lần đầu tiên em mua 1 món đồ giá chưa bằng 1 bát phở mà siêu ngon như này. Thắt lưng kiểu khóa tự động nhưng cả dây là từng khấc luôn. Rất phù hợp hôm ăn no, đói béo gầy căn chỉnh dễ dàng . Rất ưng Xưa xài thắt lưng truyền thống đục lỗ thì lỗ 1 chật quá, lỗ 2 lại rộng, cứ phải căn ke","[0, 6]",1.0,The author is experiencing stress due to financial difficulties and the need to cope with a long-term situation.,,,False
42998,"Đợt trước ở Voz cũ có làm bài Hơn 10 năm tu Thiền, giải đáp mọi vấn đề về Thiền , nay rảnh tí viết thêm bài chia sẻ một số cái thấy biết của mình với anh em cho vui Rút kinh nghiệm từ bài trước, thì ở đây tui chỉ chia sẻ cái thấy biết của bản thân, có thể đúng, có thể sai. Và đúng hay sai ko quá quan trọng, anh em cứ đọc cho vui, hoặc cứ thử tự chiêm nghiệm lấy, không cần phải vấn đề làm gì ^_^ Cũng như nếu có anh em nào muốn hỏi han gì, cứ thẳng thắn hỏi trong này, mình biết mình sẽ trả lời. Đừng inbox mình, vì mình tuy đọc được nhưng acc mình chưa đủ rep lại (theo voz cũ là thế ) Mình sẽ viết theo từng chủ đề, rảnh thì sẽ viết, và sẽ cố gắng viết theo lối đơn giản dễ hiểu, không đi sâu vào từ ngữ Phật giáo quá nhiều. Các chủ đề trước mắt bao gồm : Tỉnh thức ??? Các vấn đề của nhiều người tu Bản chất của thực tại Linh hồn, cái tôi ? Luân hồi - các kiếp sống Thần thông Chủ nghĩa khắc kỷ và Phật giáo Một số tài liệu mình đọc và nghiên cứu ... Tạm vậy, nếu ai có đề xuất thêm gì thì mình sẽ add thêm ^_^ Bắt đầu viết từ post sau.","[0, 1, 2, 3, 4, 5, 6, 7, 8, 9]",1.0,"Post from a Vietnamese author experiencing ongoing mental burden due to stress related to work, money, and family.",,,False
1148337,"Chào các thím ạ. Con em 18 tháng, mới đi học được mấy buổi. Qua đang ngồi ghế chơi, thì bị 1 thằng cu khác cũng cỡ 18 tháng đẩy trên ghế xuống u đầu. Thằng cu đấy thì nghịch nhất lớp, chuyên đi kí đầu, đẩy các bạn. Em check cam lại thì rất bực, vì nó chủ ý, nhảy từ ghế nó xuống chạy thẳng ra chỗ con em đẩy xuống. Nên cũng bảo các cô nhắc nhở gia đình đó. Xong nhà đó lúc tối về thì gọi xin lỗi, nhưng nghe không thành ý lắm, vợ em có gửi cam và bảo ""chị xem xét nhắc nhở cháu hành vi xem, để không làm đau bạn khác"" Thì nhà đó xù lông bảo ""nhắc nhở như nào hả em. nó còn bé nó biết gì. chị cũng biết dạy con em ạ"" Xong tắt máy luôn. Em muốn tham khảo các thím là liệu bọn này có nắn được ko, hay do nhà em bị cảm xúc quá do con bị đẩy ngã. Chứ như cu nhà em nghịch gì em nói là được ngay, nên em cảm giác tuổi này là nói được rồi.","[0, 1, 2, 3, 4, 5, 6, 7, 8, 9]",1.0,genuine stress,,,False
1090882,"Cuộc sống tuổi 4x ngột ngạt và khắc nhiệt quá, tự nhiên tôi muốn trở về cái tuổi 17 ngày ấy quá, ngày dc ngồi cùng bàn với cô bạn lớp trưởng, kèm theo bao mơ ước của tuổi trẻ, để dc gặp lại mẹ, dc học cái minh thích, làm những điều mình bỏ dở... Tưởng tưởng bạn đang có 1 ngày cực mệt nhọc, đầu óc căng thẳng, về nhà cái bạn nằm bẹp luôn, và rồi thằng/cô bạn thân vỗ vai kêu ra sân tập thể dục, bạn tỉnh dậy và thấy minh đang trong giờ ra chơi của năm học lớp 11, bạn sẽ làm gì khi (chỉ nhớ dc là mình đã dc trẻ lại, nhưng sẽ quên hết quá khứ bạn vừa trải qua, kiểu như quên mất vợ con trong hiện tại, tỷ giá chứng khoán hay coin, vietlot các kiểu, các sự kiện đã diễn ra trong tương lai quên hết or nhớ kiểu mơ hồ thôi tầm 20% thôi, đủ để biết mình dc trở lại quá khứ và có 1 cơ hội làm lại cuộc đời, trải nhiệm tuổi trẻ 1 lần nữa…)","[0, 2, 3, 4, 5, 6, 7, 8, 9]",1.0,genuine stress,,,False
1099721,"Hi các bác, hôm nay em phát hiện mô hậu môn sa ra ngoài mặc dù không có triệu chứng táo bón, ra máu gì cửa, phân mềm do em ăn rất nhiều rau (hơn cả thịt), không ăn cay nóng. Sau khi e ngâm nước nóng 15p thì nó thụt vào bình thường. E tham khảo khả năng bị trĩ nội gđ 1. Mặc dù ngày ngồi ko tới 5h, chơi cầu lông, thể thao nhiều, ăn nhiều rau mà vẫn bị. Chả hiểu, đúng là thập nhân cửu trĩ mà. Hiện tại e đang phân vân không biết có nên dùng Daflon 500mg trong vòng 1 tuần không ạ? Với có cần mua bột rau diếp cá uống bổ sung khi mà vẫn ăn nhiều rau và ỉa mượt. Thanks các bác","[0, 2, 3, 4, 6]",1.0,"genuine stress: 1, 2, 3, 4, 6",,,False
1186588,Nay đi chơi đêm mà dính 2-3 cái đèn Giây đỏ nhảy từ 8…–3-2-1-0 xong vẫn đỏ tiếp chục giây nữa Các con giời quen thói phi vội dính cả đống xe vượt đèn đỏ,"[6, 9]",1.0,genuine stress,,,False
1182737,"Em ở Sài Gòn cũ. Hôm trước em đi lãnh tiền 100k sau đó mới phát hiện ra chưa đăng ký khai sinh trên VND (dù trước đó đã đăng ký bản giấy). Con em sinh năm 2021, đợt đó dịch nói chung là cũng lu bu và cũng không rành mấy cái thủ tục hành chính. Sau đó em có đi lên xã gặp thằng Conan nó kêu phạt 750k vài ngày lên đóng. Em tự lên dịch vụ công đăng ký thành công vneid và ko phải đóng phí. Sau đó thằng Conan nó liên hệ với lại bên ấp kêu em đi đóng phạt. Em không đi vì lúc đó nó đã được gắn lên VNeID rồi. Ngày hôm qua nó gọi trực tiếp cho em luôn nó kêu em lên đóng phạt hành chính 750.000đ rồi quát em nói tại sao không lên đóng. Tóm tắt lại cho các bác dễ hiểu là em đi lãnh 100.000đ thì phát hiện chưa đăng ký trên app vnedi. Sau đó lên xã hỏi nó nó hù Em phạt 750k em không đóng mà em tự lên dịch vụ công làm.  Bây giờ nó gọi qua bắt em đóng 750.000đ. Vậy là sao các bác? có đúng hay không vậy? rồi cái này vô tiền túi hay là đóng vô nhà nước? Sent from HONOR ELI-NX9 via VOZVNApp","[0, 1, 2, 3, 4, 5, 6, 7, 8, 9]",1.0,Các bác có đúng hay không vậy? cái này vô tiền túi hay là đóng vô nhà nước?,,,False
1145452,"Tôi quyết tâm không để ảnh hưởng đến cả 1 thế hệ sau này. Có cách nào đồng loạt report để chặn chương trình tiêu cực này lại không các bác? Tôi tìm được email của Sở VHTT TPHCM: [email protected] , có thể cc thêm [email protected] Tôi nhờ chatgpt soạn sẵn nội dung phản ánh cho bác nào lười:","[0, 1, 2, 3, 4, 5]",1.0,"Bác đang cố gắng tạo ra một báo cáo để chia sẻ với các đồng nghiệp và quản lý về việc report để chặn chương trình tiêu cực này, nhưng không có ý định tự report hoặc gây hại.",,,False
1138710,"Cho mình hỏi ở trước nhà mình có bọn nhận là dân thanh hoá ko thấy đi học làm , hàng ngày thay nhau mang túi nhỏ kiểu tây , đeo bụng đeo vai thay nhau đi ( chỉ 1,2 cái túi ) là nó làm gì nhỉ , bọn này chửi bới suốt ngày đêm luôn . Có fen nào biết ko nhỉ .","[0, 1, 2, 3, 4, 5]",1.0,genuine stress,,,False
1075995,"từ hồi trước noel năm ngoái tới tận tết chỗ tui thời tiết se lạnh vào buổi chiều tối dễ chịu, không quá lạnh nhưng phải mặc thêm áo khoác ra đường lúc chiều tối. ăn gì cũng ngon, làm gì cũng thoải mái tối pha ly ca cao nóng, ngồi xem bộ phim, xem trận banh nó relax dã man nhưng đúng là ko có bình yên nào kéo dài mãi :v nay bắt đầu nắng dã man rồi, bước ra phơi đồ xíu thôi mà vào rát hết cả mặt với cái lưng máy lạnh gần như phải mở 24/24 tôi ở khu vực gần lâm đồng mà đã thế, không biết anh em ở SG sao rồi","[0, 1, 2, 3, 4, 5]",1.0,genuine stress,,,False
1125177,"Các thím trên thông thiên văn dưới tường địa lý tư vấn giúp e case này,gia đình e ở quê đang muốn mua nhà mặt đất HN để 2 ae ăn học+làm việc trên này,e thì chưa có kinh nghiệm gì,trước mắt thì khoanh vùng được khu vực với cửa tiền,còn một vài thắc mắc nhờ các thím tư vấn E 99 thì chọn hướng nào để mua nhà,gg thì mỗi trang 1 kiểu Làm sao để nắm được giá đất khu vực mình muốn xem đang lên hay xuống Cần lưu ý gì khi mua nhà hay không(kết cấu,nội thất,điện nước,trần,tường) Giấy tờ pháp lý cần lưu ý gì k","[0, 1, 2, 3, 4, 5]",1.0,"Mua nhà mặt đất HN để gia đình có thể sống và làm việc một cách thoải mái. Tuy nhiên, chưa có kinh nghiệm mua nhà nên cần tư vấn từ các thím để chọn hướng phù hợp.",,,False
1041576,"Chào các thím , em đợt này bị scam 1 món nhỏ trong việc order đặt đồ làm riêng . Tuy số cũng không đáng kể nhưng sau khi em điều tra thì có hơn 35 người cùng bị như em , tổng thiệt hại đã hơn 25tr . Bên em cũng đã đi điều tra và xác minh được số cccd , số điện thoại , facebook , telegram , địa chỉ nhà bố mẹ đẻ . Sau đó , em có đi điều tra về tận nhà để nói chuyện . Nhưng về phía gia đình làm việc thiếu hợp tác vì cho rằng đấy là việc của nó không liên quan gì gia đình , trong khi nó không có khả năng chi trả tất toán . Em đang chờ các bị hại nộp bằng chứng để cùng tố cáo , em ở hn còn thằng đấy ở thanh hoá . Nó đã lừa toàn quốc từ hssv đến người đi làm , trước khi về nhà thì đã nói chuyện để hoàn trả nhưng thái độ lảng tránh . Không thiện chí nên không có kết quả gì mới chuyển đến bước này . Các thím nào rành và hiểu luật chỉ em với , chứ nhìn mấy đứa hssv cuối năm bị lừa em cũng thấy tội vì em cũng trải qua rồi . Tks các thím đã đọc","[0, 1, 2, 3, 4, 5, 6, 7, 8, 9]",1.0,genuine stress,,,False
1063359,"Hi các thím, Nay mình đi cắt tóc thì quán có 2 anh chị chủ quán + 1 bé gội đầu thuê. Quán ở Cầu Giấy - HN, quán quen vì 1 tháng mình cắt ở đây 2 lần(2 tuần/lần). Vừa ngồi cắt chưa nóng đít thì 2 ông bà chủ quán nói chuyện là được khách lì xì 100k 200k, dù vào cắt có tí cũng lì xì 100k. Không biết họ đang gợi ý hay đang nói vô tư. Mình cắt hết 40k, cũng định đưa 50k cho chẵn lúc trước khi vào tiệm, nhưng thấy họ nói thế nên đưa 100k và khỏi thối. Thì con bé gội đầu nó nhận tiền, vì 2 ông bà chủ đang bận làm tóc cho 1 bạn nữ. Lúc mình đi ra cửa xỏ giầy thì thấy con bé nó chê là ""Có 60 nghìn bọ"" . Mình nghe thấy thế liền cởi giày quay lại, hỏi nó là ""60k là sao em, chê ít à?"", thì nó không nói gì, mà 2 ông bà chủ nói đỡ là ""Nó có nói gì đâu em"" . Xong mình bắt nó trả lại 60k. Cả tiệm (2 chủ + đứa chê + 1 khách nữ) quay ra nhìn mình, nhưng mình kệ, mình nhắc lại lần 2, yêu cầu nó trả lại 60k. Cho nó hiểu đồng tiền ai kiếm ra cũng quý, không phải làm ở đó õng ẹo chê.","[0, 1, 3, 4, 5, 6, 7, 8, 9]",1.0,Genuine stress: Aspects 0-9 are related to genuine stress or negative emotions,,,False
1087168,"Chào các bác. Chẳng là em có team media nho nhỏ. Hiện tại từ trước giờ hoạt động và làm việc là ký hợp đồng dịch vụ với cá nhân em. Gần đây có một vài bên yêu cầu hoá đơn đỏ. Em muốn hỏi các bác có nên đăng ký doanh nghiệp để xuất đc hoá đơn không. Làm dịch vụ quay dựng thì mở và duy trì công ty có tốn kém lắm không các bác, nhu cầu chính vẫn là xuất đc hoá đơn để không bị lỡ những job lớn tiền với agency, cũng lai rai thôi chứ chưa ổn định ạ. Em có hỏi mấy bên dịch vụ xuất hoá đơn mà phí cao quá (20% hợp đồng), với nghe bảo giờ nhà nước làm căng vụ thuế má nên nhiều bạn bè e có cty cũng từ chối xuất hoá đơn hộ. Mong đc các pro giải ngố.","[0, 1, 2, 3, 4, 5, 6, 7, 8, 9]",1.0,"Chính vì không ổn định và muốn đảm bảo an toàn cho bản thân và công việc, nên đăng ký doanh nghiệp để xuất hoá đơn",,,False
1089091,"Chả là Công việc của em cần phải lấy lịch thi online trên trang wed của trường THứ tự là 1 Vào trang chủ 2 kích vào ngày thi 3 kích vào giờ muốn thi 4 nó ra đường link kích vào đó rồi nhập thông tin họ và tên, ngày tháng năm sinh quốc tịch 4 bấm ok là xong vấn đề khó khăn ở đây là cứ đúng 8h là nó bắt đầu mở mà số lượng đơn đc chấp nhận trong ngày có giới hạn ai đăng kí nhanh thì được, trước thì vẫn lấy được nhưng dạo gần đây thì có thằng nó chơi ăn gian nó dùng công nghệ gì đó đúng giờ đó nó lấy một phát hết luôn tất cả số lượt mà trường mở trong ngày em và số người khác ko còn kịp nhìn thấy form điền nữa nó đã báo đã hết slot ( tầm 0.5 s là cùng vì em bấm f5 liên tục mà nó đã báo hết) giờ có cách nào cạnh tranh được với bot của bọn kia không ạ mong các cụ có cao kiến gì giúp em có gì e xin gửi phí ạ","[0, 1, 2, 3, 4, 5, 6, 7, 8]",1.0,STRESS,,,False
1148044,"Chào các thím. Tình hình là gần sát nhà em đang chuẩn bị xây cái khỉ gió gì đấy, máy móc khá nhiều và dự là sẽ rất ồn. Vấn đề là em chuyên đi làm theo ca, nhiều lúc làm ca đêm về ngủ bù mà lại gặp tình trạng sắp tới như này thù sẽ rất căng, nên em muốn nhờ các thím tư vấn giúp em loại bịt tai chống ồn hay có giải pháp nào đó giúp em vượt qua kiếp nạn sắp tới.","[0, 1, 2, 3, 4, 5, 6, 7, 8]",1.0,"Chính vì tình trạng làm ca đêm về ngủ bù và gặp phải vấn đề về máy móc, nên em muốn tìm cách để giảm thiểu tiếng ồn và cải thiện chất lượng giấc ngủ.",,,False
1083415,Định mở cái bếp nấu đồ uống thủ công như sâm siếc sữa hạt các thứ mà ko biết giờ dân tình có chuộng món này không không biết nữa. Ý các thím sao,"[0, 1, 2, 3, 4]",1.0,Thật là một điều kỳ diệu khi thấy người khác thích sâm siếc sữa hạt và tự nấu đồ uống thủ công như vậy. Đó là một dấu hiệu cho thấy xã hội đang thay đổi và có nhiều lựa chọn mới mẻ hơn cho chúng ta.,,,False
977391,Các bác cho em hỏi chút.  Bác nào rụng tóc dùng morr f5 này chưa và có hiệu quả không ạ. Em tìm hiểu thấy nhiều bài mà cảm giác như seending nên không biết nên mua không. Em cảm ơn,"[0, 1, 2, 3, 4, 6]",1.0,This post is expressing genuine stress about losing hair due to a medical condition and seeking advice on whether using Minoxidil (Rogaine) is effective.,,,False
1185511,"Hello anh em, tình hình là dạo gần đây mình lướt tiktok hay trúng mấy bài về bệnh thận. Mình có để ý rằng mình đi tiểu bình thường, tần sất 6 7 lần/ngày, không tiểu đêm. Mình cũng không bị sưng phù nề gì cả, tuy nhiên nước tiểu của mình luôn có gợn bọt như hình. Anh em nào bị như mình có thể chia sẻ thêm được không? Mình sợ quá, vừa mới tốt nghiệp đại học xong @@",[4],1.0,"The author is expressing concern about their health due to a perceived issue with their kidneys, as indicated by the mention of kidney disease videos on TikTok and the presence of foam in their urine. They are seeking reassurance from others who may have experienced similar issues.",,,False
1090256,"Chào các bác, Em đang mong muốn tìm 1 chỗ bán cà phê bột chất lượng và đặc biệt là không phụ gia. Có bác nào sảnh sỏi trong lĩnh vực này cho em xin 1 số chỗ bán ok được không ạ. Em cám ơn","[0, 2, 3, 4, 6]",1.0,"Chào các bác, Em đang mong muốn tìm 1 chỗ bán cà phê bột chất lượng và đặc biệt là không phụ gia.",,,False
995795,"Em thất nghiệp cả năm rồi lúc đầu cũng cố gắng rải cv nhưng dần dần buông xuôi luôn! Đặc biệt giai đoạn gần đây là ko còn muốn tìm job đọc JD nữa luôn, và rất sợ nghe điện thoại số máy bàn sợ cty gọi đi pv, lần pv gần nhất cách đây hơn 1 tháng vô rung lập cà lập cập nói ko rõ ràng. Gần đây người rất hay cáu gắt, đặc biệt là ko muốn nói chuyện với ai cũng ko muốn ai bắt chuyện. Rất nhạy cảm với tiếng động lớn và hay giật mình. Trong ngày có nhiều lúc tim đập rất nhanh mệt ko thở nổi luôn! Ko biết e có đang bị bệnh gì ko ạ?","[0, 1, 2, 3, 4, 5, 6]",1.0,Giai đoạn gần đây là buông xuôi với việc tìm job và sợ điện thoại số máy bàn,,,False
1098695,"Nằm trong phòng nghe mưa rơi nặng hạt hy vọng ngày cuối tuần mát mẻ, đỡ oi hơn mấy nay. Chỉ khổ thân anh em nào sáng nay phải ra đường mưu sinh","[0, 1, 2, 3]",1.0,genuine stress,,,False
1145496,Mới lấy vợ mà lâm trận thì ko lên được chỉ ôm dù đã dùng nhiều cách là sao nhỉ.Sức khỏe e bình thường. Cần lời tư vấn của các thím đã có gia đình. Cấm troll,"[0, 2, 3, 4, 5]",1.0,"genuine stress: Work, Family, Health",,,False
178958,Tóc em đột nhiên rụng 1 mảng giữa đỉnh đầu như hình. Giờ em hoang mang quá. Có thím nào bị tương tự k? Chia sẻ cách trị giúp em với,"[0, 2, 3]",1.0,Vấn đề về sức khỏe tâm thần và sự mất cân bằng trong cuộc sống có thể dẫn đến tình trạng trầm cảm và căng thẳng.,,,False
707726,"Mình tốt nghiệp ngành kỹ thuật,sau  2 năm tốt nghiệp ra ngoài làm trái ngành nên  vẫn mông lung chưa ổn định lắm. Vừa rồi được giáo viên hướng dẫn đồ án gọi hỏi thăm xem có muốn học lên thạc sĩ ko do học bây giờ cũng dễ hơn rồi , học tầm 1.5 năm đầu vào chỉ cần có bằng B1 sau nộp hồ sơ là đk học tiếp . Mình thì cũng đang tìm hiểu các trung tâm để đki học thêm kiến thức về chuyên ngành sau xin việc đúng chuyên ngành sẽ dễ hơn . Bác nào đã học Thạc sĩ rồi review  tham khảo cho e với . Với cả e nên học trung tâm hay học lên đây ?","[0, 1, 2, 3, 4, 5]",1.0,Học thạc sĩ là lựa chọn tốt nhất để tăng cơ hội việc làm trong ngành kỹ thuật.,,,False
1109286,"Chào các bác. Chả là phụ huynh em có sạp bán trái cây có đăng ký hộ kinh doanh. Cũng đông khách đến mua trực tiếp, cũng không có máy móc hóa đơn gì hết. Mua hàng từ nhiều nhà cung cấp quen từ lâu. Gần đây em thấy 1/6/2025 có thay đổi về thuế và 1/7 hộ kinh doanh đóng BHXH bắt buộc. Có bác nào đang quan tâm vấn đề này và hiểu vấn đề thì xin chỉ bảo cho em hiểu rõ hơn với ạ. Em xin cảm ơn.","[0, 2, 3, 4, 5]",1.0,Phụ huynh đang phải đối mặt với nhiều thách thức và áp lực từ nhiều khía cạnh trong cuộc sống,,,False
1152474,"Mình ở NZ cũng được 8 năm rồi. Thấy các thớt Nhật, Úc, Mỹ, Canada rầm rộ quá nên cũng muốn lập thớt này để anh em bên NZ, hoặc những ai muốn qua NZ tâm sự trò chuyện. Bộ di trú NZ vừa ban hành luật di trú mới, có vẻ nới lỏng hơn cho vấn đề nhập cư và bắt đầu áp dụng vào tháng 8 sang năm. Anh em nào quan tâm thì có thể nghiên cứu tham khảo. Vì thủ tục hồ sơ khi nộp với bộ di trú NZ khá là chi tiết, rõ ràng, nên có thể tự làm. Changes to the Skilled Migrant Category Resident Visa announced The Government has announced changes to the Skilled Migrant Category Resident Visa that will help employers retain skilled workers and support long-term economic growth. www.immigration.govt.nz Mình đánh giá về khả năng di dân và nhập cư thì NZ tương đương với Canada, đôi lúc có thể xem Canada dễ dàng hơn, đôi khi xem NZ lại dễ hơn tùy người. Sau đó là Úc, tuy nhiên Úc thì giờ siết lại hơn rồi, nên mọi người lại mò qua hoặc NZ hoặc Ca.","[0, 1, 2, 3, 4, 5, 6, 7, 8]",1.0,STRESS,,,False
1098097,"Em muốn tìm hiểu về thị trường này ở Việt Nam, em thắc mắc là thấy ở nc ngoài ngta chơi đồ custom cũng nhiều, không biết ở VN nếu cũng làm custom các thứ thì có làm ăn ra không các bác nhỉ.","[0, 1, 2, 3, 4, 5]",1.0,"Thị trường này rất lớn và đa dạng, nhưng vẫn còn nhiều thách thức để phát triển.",,,False
1051544,"Hello mấy thím, hiện tại ba em đang nợ một số tiền lớn bên FE Credit mà hỏi mãi không nói. Do bị dụ đầu tư coin hi vọng được lên sàn. Cả nhà em, họ hàng đã khuyên nó lừa đảo từ 3 năm trước mà vẫn cứ đâm đầu vô. Em cũng có đầu tư gà mờ bên Binance mà khuyên muốn gãy lưỡi không chịu. Giữa năm mẹ có ra tòa xin ly dị và được ba hứa là tới tết sẽ trả hết nợ nhưng gần tết rồi vẫn chưa thấy động thái khả quan. Thím nào biết cách tra khoản nợ bằng số CCCD hoặc sđt thì inbox giúp. Xin lỗi vì đã làm phiền mọi người, em cảm ơn","[0, 1, 2, 3, 4, 5, 6, 7, 8, 9]",1.0,genuine stress,,,False
1130321,"Hi các bác em mới học lập trình cnc, các bác có nhóm zalo nào liên quan đến lập trình gia công cnc cơ khí cho em xin link tham gia với ạ. cảm ơn các bác","[0, 1, 2, 3, 4, 5]",1.0,"The post is asking for help in setting up CNC machinery for ceramic glaze production, which requires technical expertise and may be a complex process.",,,False
1144388,"Có thím nào đi làm rồi mà vẫn ghiền KFC như em không? Đi tiếp khách, ăn nhậu hải sản tôm cua cá, bò nhật rồi gan pháp, gà đồi gà núi các kiểu nhưng em vẫn nghiện món này. Đi ăn mà vẫn sợ bị ng quen phát hiện là ghiền món ăn trẻ con. Rủ bạn bè thì không ai ăn, đồng nghiệp càng không, gia đình thì cấm ko cho ăn vì là fastfood. Thế là mỗi lần đi ăn cứ lén lút như mua mai thuý PS: bên này mới ra món gà mắm tỏi, ngon phết","[0, 1, 2, 3, 4, 5, 6, 7, 8, 9]",1.0,genuine stress,,,False
1033215,Tóm tắt: Top 1% = 10 tỷ Top 5% = 4 tỷ Top 10% = 2.5 tỷ Top 20% = 1.4 tỷ Top 30% = 900tr Top 40% = 630tr Top 50% = 430tr *Số trên không thật sự chính xác vì ở VN chưa có cơ sở đánh giá chính xác giá trị bất động sản theo thời gian thực.,"[1, 2, 3, 4, 5]",1.0,Tính toán dựa trên giả định về tỷ lệ tăng trưởng của thị trường bất động sản tại Việt Nam.,,,False
1103712,"em năm nay 20 tuổi, là nam ạ  Sáng nay e đi xn về chức năng thận, do mấy nay trên mạng toàn đăng người bị suy thận e cũng sợ ko biết chỉ số em có ổn ko nhỉ E thấy có cái hồng cầu là 14.2 ko bt là do vấn đề gì mà nó cao vậy dù vẫn trong ngưỡng bình thường ( thang đo là 23), có phải em bị gì ko ổn về thận pk ạ mn ai có kinh nghiệm về mấy chỉ số này chia sẻ cho em với ạ em cảm ơn Ngày mai bác sĩ tư vấn mới gọi đọc và tư vấn kết quả trong lúc chờ em cũng hồi hộp quá nên lên đây hỏi ae","[0, 1, 2, 3, 4, 5]",1.0,STRESS,,,False
1035257,"Bức xúc quá các bác ạ. Ngày nào cũng đến 10h sáng là mùi đốt rác bay vào nhà, toàn mùi nhựa khó chịu kinh khủng. Vấn đề này cũng phải năm nay rồi mình với mọi người có nói ông đó mà không được. Nói đến hiệu trưởng cũng không thay đổi gì rồi báo với chủ tịch xã cũng không thấy giải quyết vấn đề này. Giờ không biết phải làm gì hay là khiếu nại ở đâu được mong anh em giúp!","[0, 1, 2, 3, 4, 5]",1.0,genuine stress,,,False
